"","baseMean","log2FoldChange","lfcSE","pvalue","padj"
"hsa-let-7a-1",30753.1995247087,-0.356744261484106,0.0830524292350591,3.27329936044413e-06,5.62081708359094e-06
"hsa-let-7a-2",30700.6832764609,-0.360282570655393,0.0831823153925768,2.67077103369378e-06,4.6487823453373e-06
"hsa-let-7a-3",30920.4571705188,-0.359747953382641,0.0827139775748142,2.8482440814803e-06,4.94083156991481e-06
"hsa-let-7b",86246.4116786865,-0.369871708527449,0.112713839581812,0.000123760711636265,0.000187293658559333
"hsa-let-7c",11949.9559591913,-1.7756809276951,0.113228334154248,5.46927759499538e-57,1.39466578672382e-55
"hsa-let-7d",1661.8717391337,0.319020091792436,0.0702540220443597,5.32436338136375e-06,9.02134659300834e-06
"hsa-let-7e",3013.51549651646,0.193906566741061,0.0840862139360306,0.030364798500522,0.0371368039215018
"hsa-let-7f-1",9682.90322427374,-0.0682983732322435,0.10678762783791,0.328582261543184,0.353537876343932
"hsa-let-7f-2",9817.26396465488,-0.0561325428678967,0.107130735439374,0.377160625177759,0.401569767934566
"hsa-let-7g",1605.3500756842,0.149674130096678,0.0588319644883896,0.0108688470892846,0.0138577800388378
"hsa-let-7i",1678.91248218397,-0.296167085491088,0.0526547311097887,1.3208358868783e-08,2.69450520923174e-08
"hsa-mir-1-1",11.6136669603613,-7.30613429836278,0.173268447163996,9.04177789003967e-36,6.40459267211143e-35
"hsa-mir-1-2",12.4436221540993,-7.23670910471011,0.162876039945174,1.32416795685309e-36,9.7873283767402e-36
"hsa-mir-100",16195.6822572657,-1.73570778076332,0.12212042059863,6.28192816886422e-47,8.89939823922431e-46
"hsa-mir-101-1",15313.020670355,-0.290054541003676,0.0963663613631398,0.000698743642816682,0.000989886827323633
"hsa-mir-101-2",15372.2606630126,-0.300619971847472,0.0963694459641378,0.000478339867649571,0.000687192485919103
"hsa-mir-103a-1",21496.6948458122,0.410823501308687,0.0742571991271392,1.06909462942446e-06,1.9266369646872e-06
"hsa-mir-103a-2",21514.1641693001,0.412919242497163,0.0741862319212294,9.05018970946115e-07,1.65433575334236e-06
"hsa-mir-105-1",36.9075656739719,7.09503590456235,0.484878990051876,1.45346140871188e-39,1.27804365248803e-38
"hsa-mir-105-2",36.855191226416,7.09048907938861,0.51037631679332,2.54469402878972e-36,1.82787880941233e-35
"hsa-mir-106a",68.0029620622474,1.47515549002104,0.162615738727311,3.83349417162667e-20,1.48112274812849e-19
"hsa-mir-106b",1825.03008057351,0.863931592760002,0.0847158832440427,1.44877877348336e-24,6.48137872347818e-24
"hsa-mir-107",154.746689125093,0.613787851035354,0.0749799679940315,2.42168698233418e-16,7.7191272561902e-16
"hsa-mir-10a",88271.3966988246,-0.338732640048805,0.154491335925102,0.00012180764858234,0.000184886609455337
"hsa-mir-10b",362957.85096883,-2.18291438297098,0.112313663977437,4.12630153289964e-85,2.10441378177881e-83
"hsa-mir-1180",30.611192556981,0.693790444120648,0.168588959241452,3.08845715087772e-05,4.87651129085956e-05
"hsa-mir-1224",3.04002998522874,2.09260717821719,0.309907908621658,6.13466451770679e-10,1.39673165358503e-09
"hsa-mir-1226",4.46404889682738,1.01752703220341,0.166849010100848,7.55116367241093e-10,1.70402366058831e-09
"hsa-mir-1228",3.96422578582675,-0.579849269186265,0.1494162118561,9.7534215966411e-05,0.000149376727155765
"hsa-mir-1229",2.36476235808899,1.3562643277091,0.227336604305087,1.06646600827265e-09,2.3855160711362e-09
"hsa-mir-1245a",8.9102312423192,-0.11861333949005,0.132377555644421,0.365634358969417,0.390111972959002
"hsa-mir-1247",173.24973983989,-1.73922115974298,0.187290035425809,5.53677740122363e-21,2.25900517969924e-20
"hsa-mir-1248",5.69108849687263,1.04580144479707,0.186190931812494,1.329635799177e-05,2.18043169639959e-05
"hsa-mir-1249",7.95037940163847,-0.564035217607165,0.110816499216838,2.76925965567696e-07,5.26985979251958e-07
"hsa-mir-1251",2.22724818118796,2.27687436198264,0.515152955922057,1.37106959191955e-05,2.24117144833004e-05
"hsa-mir-1258",7.73371135195544,-2.25464326253429,0.178748992115538,4.31988659762785e-52,8.81256865916082e-51
"hsa-mir-125a",3158.40527938181,-0.555173014170488,0.0870511514803452,1.4061648581129e-10,3.33555384947712e-10
"hsa-mir-125b-1",1866.0413087654,-1.85321198718693,0.103040889147186,8.2209868805024e-73,2.79513553937082e-71
"hsa-mir-125b-2",1943.41097481047,-1.84382606316454,0.101961000126477,1.39563260783975e-73,5.47517407690977e-72
"hsa-mir-126",11948.153955181,-0.871019679261065,0.0982614140801302,1.7753580239659e-19,6.60899702352271e-19
"hsa-mir-1262",2.95623885537087,-1.2951119198099,0.172889072314018,2.26027725962059e-14,6.6249505885431e-14
"hsa-mir-1266",40.4920208071446,0.639688213487188,0.139272567582735,3.29024302399477e-06,5.63095282629978e-06
"hsa-mir-1269a",169.973577227744,7.20735745026194,0.462714760212188,9.88967563549776e-44,1.14630331229633e-42
"hsa-mir-1269b",15.2375058510243,7.53927562219345,0.68662174220224,2.3095513610946e-19,8.47389348315284e-19
"hsa-mir-127",3012.43639184434,-0.564620303266557,0.125902749372555,5.4050119816508e-06,9.12766924053613e-06
"hsa-mir-1270",6.96254533584313,0.828848322447222,0.180937206679952,3.07075813791339e-06,5.30876830622315e-06
"hsa-mir-1271",12.8486297083701,-0.582786176870608,0.100886517848263,6.28127837301513e-09,1.31289015173677e-08
"hsa-mir-1277",3.45977496213485,2.06354162983111,0.193803212923799,2.74525878341247e-27,1.42865508116363e-26
"hsa-mir-128-1",222.274230229378,0.843741372722688,0.09398053413353,1.81716908258401e-19,6.71562487041916e-19
"hsa-mir-128-2",147.234810134516,1.04416488575287,0.101247740639128,5.45884571078362e-25,2.4857243861604e-24
"hsa-mir-1283-2",0.887679009534872,4.62368772512533,0.881002688650115,0.00019079874279497,0.000280424665202981
"hsa-mir-1287",125.279812122802,0.145587244492593,0.0969818600051015,0.131830181369167,0.152111747733654
"hsa-mir-1288",1.78710947364533,0.878275422722938,0.190479874870704,2.29578027278761e-06,4.02353243684426e-06
"hsa-mir-129-1",7.94381188275548,0.609251442615245,0.234622540943187,0.222285699381557,0.248065003686202
"hsa-mir-129-2",10.0993153416031,0.507256632214567,0.236059697875263,0.36454509577377,0.389765196739251
"hsa-mir-1291",2.41250794718204,0.253024106257557,0.186044948671617,0.162409227482409,0.185714587479885
"hsa-mir-1292",1.30514689728082,1.39683948873462,0.218063463901068,2.79741270690236e-11,6.89217623439712e-11
"hsa-mir-1295a",4.9996015231186,-0.928218584594058,0.187838557131192,5.53355081870442e-07,1.01881260560984e-06
"hsa-mir-1296",23.0734897909411,-0.386299882143551,0.104535207118071,0.000203396884229085,0.000298081640680556
"hsa-mir-1301",43.0127535358605,2.11374418927447,0.106321568286041,1.04887496586455e-88,5.94362480656581e-87
"hsa-mir-1304",3.69853694046695,1.3788770997417,0.3465847526843,8.60171458562619e-05,0.000132134772249077
"hsa-mir-1306",32.696406392022,0.658987224328176,0.110279332580293,1.87571863777908e-09,4.10565023719885e-09
"hsa-mir-1307",3475.95807411398,1.28188128243671,0.0973773817495652,1.37158481633862e-39,1.22720746725034e-38
"hsa-mir-130a",293.101423849997,-0.587624614079556,0.102033888256906,7.11254654877584e-09,1.4745523332828e-08
"hsa-mir-130b",77.379693350781,1.95347812861095,0.108559107215205,3.32119657078575e-73,1.20986446507195e-71
"hsa-mir-132",232.309498088534,-0.366877953750156,0.097415982141879,0.000151099347923345,0.000226649021885018
"hsa-mir-133a-1",9.75353452569874,-7.50300034737588,0.192502379556036,8.34273120253044e-38,6.54583525121619e-37
"hsa-mir-133a-2",9.2388950334917,-7.45826108648415,0.195155483902418,4.31449920874006e-32,2.65107782705715e-31
"hsa-mir-133b",1.77210624603493,-7.35924475723974,0.253511521145817,1.20491800723669e-14,3.61475402171006e-14
"hsa-mir-134",1384.86999257733,-0.675222021971075,0.120120351307215,1.38514469263098e-08,2.81443742327411e-08
"hsa-mir-1343",3.23278706998665,0.10800548294159,0.173838292250476,0.530304789721945,0.550825748998354
"hsa-mir-135a-1",4.12573978457116,-0.642180653925295,0.323988917929177,0.0363439897980763,0.0439357286114055
"hsa-mir-135a-2",4.74778330862948,-0.760778274489877,0.323990995102796,0.0132391119729139,0.016671474336262
"hsa-mir-135b",104.959745448907,3.42763619607188,0.25769473283209,9.74196840870504e-42,9.93680777687914e-41
"hsa-mir-136",121.73219528462,-0.0695113732713524,0.129563695486232,0.577814597407996,0.594123880399351
"hsa-mir-137",1.71225603099166,3.90867536374382,0.504246090928176,2.22180476205156e-11,5.5005846050791e-11
"hsa-mir-138-1",3.17333258251158,1.7840000788333,0.311188125174114,1.65870231720619e-09,3.66207005097471e-09
"hsa-mir-138-2",2.22872022504842,2.08456719265668,0.32821722406511,4.07800957850404e-11,9.95112385185196e-11
"hsa-mir-139",455.636849661509,-3.18317770603339,0.120909824302742,1.8471841076961e-153,9.42063894925012e-151
"hsa-mir-140",2901.62882107168,-1.04899217061668,0.106283201273678,2.65416153768683e-23,1.15694220873529e-22
"hsa-mir-141",4218.91856252848,2.18714646032081,0.141594242198741,3.27041615447013e-54,6.94963432824904e-53
"hsa-mir-142",7492.05511945761,2.1859897006009,0.139474792069309,8.81494143297017e-56,2.0434636958249e-54
"hsa-mir-143",170127.296536142,-1.16994958032617,0.109971800702255,3.66704905290828e-28,1.98956916700343e-27
"hsa-mir-144",564.494227078365,-3.17064589366159,0.188686860205616,5.01609424946163e-64,1.3464252985397e-62
"hsa-mir-145",8846.4335914226,-2.36427184424085,0.110057822811544,5.72388774754498e-103,4.86530458541323e-101
"hsa-mir-1468",29.9214079349955,-0.61756043478419,0.142122885617914,1.12126090888543e-05,1.85062480107304e-05
"hsa-mir-146a",435.252869209238,0.882249118745944,0.130742799191238,9.1497592304474e-12,2.35675616541827e-11
"hsa-mir-146b",1889.94046385435,0.478080225980955,0.105767821781076,5.91454641483848e-06,9.95517713388656e-06
"hsa-mir-147b",2.95471548087558,2.83901370117058,0.274242863304294,1.49136930588496e-26,7.45684652942481e-26
"hsa-mir-148a",138210.839537672,1.05240346672228,0.104996670012824,1.42780500392737e-22,6.06817126669133e-22
"hsa-mir-148b",475.951277152378,1.14515580018123,0.0761162193666927,1.72642638768101e-51,3.26102762117524e-50
"hsa-mir-149",320.637642487323,0.625762539587915,0.173877859820154,0.000250619551071901,0.000363113554109856
"hsa-mir-150",2895.08369698338,0.21755866311255,0.162252502290433,0.176893803714239,0.200846973228861
"hsa-mir-151a",6243.77787924129,0.529443939996016,0.0784077854157375,2.2154117735259e-11,5.5005846050791e-11
"hsa-mir-151b",6.07019507564859,-0.656387722825749,0.104557926387409,3.25912805006968e-10,7.62456562172265e-10
"hsa-mir-152",740.030164584788,-0.157833583911178,0.0853476045055114,0.0612582659510764,0.0728245119698111
"hsa-mir-153-1",4.58671304673145,0.904473017136979,0.223684069503906,0.0140960478637061,0.0177068581539165
"hsa-mir-153-2",80.6156193688703,0.747015352579134,0.17201919437526,0.0323362113931356,0.0394532722739214
"hsa-mir-154",26.8296969923373,-0.558539776033256,0.133497975815269,2.42074458029736e-05,3.85806167484892e-05
"hsa-mir-155",1129.02913747785,1.64403809932847,0.119402766397014,1.89025501978324e-43,2.14228902242101e-42
"hsa-mir-15a",323.001959472551,0.652269861460576,0.0701811924023956,1.24559550661218e-20,4.92444735172259e-20
"hsa-mir-15b",688.240549566905,0.927241034588113,0.125999590370151,1.12743810169991e-13,3.14204061129483e-13
"hsa-mir-16-1",913.227491531549,0.442673436285123,0.104376547072782,2.22242534943072e-05,3.56426706984172e-05
"hsa-mir-16-2",929.602511317489,0.438248175543518,0.104384532874551,2.85782747217994e-05,4.52637270438438e-05
"hsa-mir-17",2177.43675547941,1.5653241581206,0.125761354204687,1.34926036918255e-35,9.42633956552193e-35
"hsa-mir-181a-1",2628.00911254875,0.701827426997487,0.0988946084969525,1.02650693493573e-12,2.76993934823927e-12
"hsa-mir-181a-2",4477.57981525604,0.442647668216264,0.0853802201943209,1.95657634310539e-07,3.76548654710848e-07
"hsa-mir-181b-1",541.418809984916,1.53316894231043,0.114031381955413,2.55074001505837e-41,2.5016873224611e-40
"hsa-mir-181b-2",486.808837044829,1.44149107237027,0.118550929593514,2.79694956988704e-34,1.82877471877229e-33
"hsa-mir-181c",314.999493102851,1.16973297351508,0.134669843810375,1.65265331285417e-18,5.77296705175088e-18
"hsa-mir-181d",83.1761612951763,1.31967888452765,0.158805385936296,3.36653147496924e-17,1.12955990278573e-16
"hsa-mir-182",81310.8794743729,1.89545855053675,0.125724888556104,1.89953905984781e-50,3.45987471615137e-49
"hsa-mir-183",34737.6277591905,2.7627527688863,0.127492315610176,1.06956081951055e-103,1.09095203590076e-101
"hsa-mir-184",57.8025109402412,4.19827587873292,0.28611116971814,1.57767177126239e-37,1.21911000506639e-36
"hsa-mir-185",168.994297513988,0.176825635122781,0.0907155827787634,0.0503882830830184,0.0601827268673053
"hsa-mir-186",1017.51709290622,0.0638074498304201,0.0780119870236358,0.42271090580599,0.446340707993902
"hsa-mir-187",122.013173154902,3.37964441341822,0.246240439475074,3.95849990891811e-44,4.69496500825171e-43
"hsa-mir-188",8.67904853662009,1.84672661423497,0.149463028337267,2.17937567143466e-35,1.5020021519347e-34
"hsa-mir-18a",46.4512340395746,2.06665737269023,0.16197066719529,7.6228939008003e-38,6.07449357720024e-37
"hsa-mir-18b",1.83652369721631,0.882198209407537,0.230154166943537,0.00666963129647914,0.00863327908935118
"hsa-mir-190a",14.5279346506399,-0.741441827838049,0.0986494404476327,5.02718685625014e-14,1.4323269813897e-13
"hsa-mir-190b",26.0255759847072,2.50152797076601,0.264548231038291,2.60752622528288e-22,1.09003145483137e-21
"hsa-mir-191",2393.79364141251,1.01761723440462,0.0982715794622117,2.12175064433787e-25,9.83720753283919e-25
"hsa-mir-192",1173.79167694827,1.43812579010967,0.101889012027868,1.02792783277061e-45,1.34421331977695e-44
"hsa-mir-193a",1780.08455977881,-1.25539507020572,0.0918572980857214,6.82745828441631e-43,7.4085185639411e-42
"hsa-mir-193b",354.640972026077,-0.116120276978335,0.117174573151581,0.311702555896799,0.337512321671693
"hsa-mir-194-1",215.240096968532,0.276067917214604,0.0862894089012412,0.00132538647708171,0.00185190987208677
"hsa-mir-194-2",236.943207419848,0.330401109024863,0.083732517240514,7.45160642672793e-05,0.00011516119023125
"hsa-mir-195",189.998448180601,-1.6284745697365,0.0955146732547486,1.3993029850601e-65,3.9646917910036e-64
"hsa-mir-196a-1",573.185745015808,2.73020702117355,0.184165188088213,2.12961142105139e-50,3.74517870598693e-49
"hsa-mir-196a-2",656.604967058736,2.54715075143049,0.182039901245595,1.72839533091213e-45,2.20370404691296e-44
"hsa-mir-196b",1219.99921172337,0.777133140003517,0.156645889921854,4.91374671880883e-07,9.11276664215456e-07
"hsa-mir-197",1141.29687358164,0.067234295078863,0.0930738550778057,0.47079766019251,0.493032457285791
"hsa-mir-1976",26.9419116967353,0.18762685662459,0.110617375869896,0.0882414677992161,0.102746914560731
"hsa-mir-199a-1",6030.90418565314,0.0829755158723238,0.0978321033755051,0.40481181502625,0.428327854073418
"hsa-mir-199a-2",10123.7584169295,0.122477175039578,0.0959584832908117,0.287566912070623,0.314045235880124
"hsa-mir-199b",13112.9222118512,0.0855339300945264,0.0947360790065106,0.654127168078556,0.669889268514184
"hsa-mir-19a",94.7370732651837,1.64254064416899,0.144779992376865,2.10056086476917e-30,1.21737050117304e-29
"hsa-mir-19b-1",235.827366343746,0.769362732979435,0.112521195375058,5.70982938803182e-12,1.48572091219195e-11
"hsa-mir-19b-2",209.67809707063,0.678451093586506,0.115345535148586,3.0701225111799e-09,6.606592745577e-09
"hsa-mir-200a",2122.83480853609,2.05670034101644,0.141138798704378,3.44234612088811e-48,5.48623913016543e-47
"hsa-mir-200b",1575.42863430109,1.53688232092955,0.141692817519692,5.76735955028052e-28,3.09616144278217e-27
"hsa-mir-200c",25605.7804128242,1.37204889718849,0.13282025357099,1.76551751079579e-25,8.33716602320233e-25
"hsa-mir-202",3.09458971429698,1.02186986616054,0.193340849200984,6.78999189834323e-10,1.53906483029113e-09
"hsa-mir-203a",20167.7871478872,2.45332433801001,0.190264051301315,5.88638405399215e-38,4.76516804370793e-37
"hsa-mir-203b",184.571147793207,2.83468829339059,0.21612508862626,1.63284987186495e-40,1.51409715391113e-39
"hsa-mir-204",27.8601113978541,-2.25051660931174,0.187626443791325,2.81553783015982e-50,4.7864143112717e-49
"hsa-mir-205",11210.4802031283,-1.23768133433719,0.215698121168224,4.77326253407945e-09,1.00593549271922e-08
"hsa-mir-206",8.08525429441813,-4.56911716729023,0.450710687830591,0.0673827934558996,0.0795491311632149
"hsa-mir-20a",761.379106653039,1.13085370667055,0.128993194434117,8.73530240515837e-19,3.13732692016251e-18
"hsa-mir-20b",100.513889909231,1.65325637783057,0.19474466811411,5.18856359111031e-10,1.1866221665768e-09
"hsa-mir-21",487275.503346621,1.95057062650937,0.0878218307872186,3.32160114555591e-102,2.42002369176216e-100
"hsa-mir-210",1854.32159565351,3.47023397554178,0.166474407037534,1.03824916199068e-97,6.61883840769057e-96
"hsa-mir-2110",7.36616767333095,-0.355366131635733,0.132574135923754,0.00620231379685215,0.00806933682753723
"hsa-mir-2114",1.84286835093478,2.35015402729447,0.346038078428532,1.48633086522795e-12,3.94806636076173e-12
"hsa-mir-2115",3.43260425001682,0.941130873204743,0.33057709802492,0.310732191811952,0.337177484732119
"hsa-mir-2116",2.07360746222919,0.197275772933675,0.170264694554295,0.2410607805931,0.26726303935322
"hsa-mir-212",12.4990799122421,0.191289099125671,0.122808912860253,0.118173954612184,0.136663757034498
"hsa-mir-214",106.569397588938,0.396995453224416,0.128151808651862,0.00189592919184364,0.0026203899399465
"hsa-mir-215",23.3376721246716,-1.19553651960215,0.136403508876447,9.31782768760379e-19,3.30006397269301e-18
"hsa-mir-216a",1.59245956013675,1.3597449248624,0.263466910001127,0.1622636102886,0.185714587479885
"hsa-mir-217",58.7062748794833,0.264612090935653,0.156292253899804,0.0130688362880874,0.0164977883834766
"hsa-mir-218-1",71.0479654975004,-0.91157595171891,0.0985567179031092,1.69068009121942e-20,6.6326680501685e-20
"hsa-mir-218-2",67.4667689644853,-0.953032413724333,0.0980543256657985,1.8619258022411e-22,7.84778643919802e-22
"hsa-mir-219a-1",6.99152558086111,0.619410074676128,0.135368937458674,3.55445181430751e-06,6.06277734212987e-06
"hsa-mir-22",224522.478007766,-0.664889517113375,0.0803955521709509,1.06691580758013e-16,3.44384216370803e-16
"hsa-mir-221",375.058668306572,0.0984259265244944,0.107971410279718,0.388257568893708,0.411666029388339
"hsa-mir-222",162.254062081565,0.224460023096329,0.103281295913803,0.0289423551123549,0.0355677135115687
"hsa-mir-223",481.541445821561,-0.5111090169067,0.138155248888653,0.000188124699391673,0.000278097381709429
"hsa-mir-224",228.755049226435,-0.245957365880798,0.20734965101783,0.2241944859264,0.249648881708437
"hsa-mir-2277",3.22624644354195,0.795996148216476,0.164079281518498,1.04023249782101e-06,1.88127153861247e-06
"hsa-mir-2355",157.127626581109,-0.0998111736620253,0.0978750330545033,0.305131239232101,0.331805825177764
"hsa-mir-23a",10417.5278785328,0.104823425940191,0.0726805528688822,0.163219652828448,0.186223764972055
"hsa-mir-23b",2425.6390534695,-0.0878525041074175,0.0902824680132037,0.326989157829412,0.352567590894292
"hsa-mir-24-1",2148.1406051617,0.212519438265889,0.0767472000537033,0.00589560590556388,0.00770963849189123
"hsa-mir-24-2",2210.78756674375,0.214585066589246,0.0771125137429927,0.00563474915669573,0.00738746033397127
"hsa-mir-25",29536.6009694868,0.0814422845836461,0.087227400958355,0.543250609862832,0.563125632174887
"hsa-mir-26a-1",2687.27832039744,-0.59948053612357,0.0722849839500858,6.5432591600744e-17,2.13914241771663e-16
"hsa-mir-26a-2",2684.593479152,-0.601628345255378,0.0722304273778511,4.85440308910291e-17,1.60762699704058e-16
"hsa-mir-26b",2070.03719931045,-0.312995855240669,0.0859964032929847,0.000258497768852205,0.000373467031486188
"hsa-mir-27a",3094.53453172662,0.567698526043919,0.0818610873570386,9.62030079503106e-12,2.46550422385218e-11
"hsa-mir-27b",1835.59055151286,0.110082835519894,0.0950079324980412,0.245320544783652,0.270808393592343
"hsa-mir-28",14851.5748453015,-0.655028658048309,0.0664972126346662,5.18948248434803e-23,2.24291192120127e-22
"hsa-mir-296",19.8111053003707,-0.670260976591402,0.156639676185818,1.4730200647164e-05,2.40012853995324e-05
"hsa-mir-299",13.9969973449204,-1.02680210177902,0.135424839307984,2.65699316896131e-14,7.69924156914926e-14
"hsa-mir-29a",15735.6511159232,-0.752179473787252,0.0870070544556568,1.14853492000417e-18,4.03967454622155e-18
"hsa-mir-29b-1",754.368404411683,0.616184405209084,0.0949446323363769,7.26213291818373e-11,1.75530226932403e-10
"hsa-mir-29b-2",879.812580785552,0.445431421171618,0.0922785008828977,1.3027964596837e-06,2.33131998048663e-06
"hsa-mir-29c",4819.39485499681,-0.277191280090233,0.123028274830158,0.0223056015202413,0.0276784836382556
"hsa-mir-301a",51.6700298618514,2.28424179154763,0.145885511150776,6.00397265888518e-56,1.45810764572926e-54
"hsa-mir-301b",5.4341996296049,3.80891811916725,0.267099474457841,5.8959256230496e-49,9.69974860566224e-48
"hsa-mir-3065",94.7007604974652,1.57010007191737,0.157823269543829,6.63843728232012e-24,2.9186232879166e-23
"hsa-mir-3074",41.0041324281571,0.945314160410213,0.127161668727977,5.72415217167972e-14,1.62184311530925e-13
"hsa-mir-30a",173274.922208182,-0.357785335063538,0.140559433339735,0.00252397016958479,0.00343259943063531
"hsa-mir-30b",1438.8649722383,-0.352413583798853,0.100130529204614,0.000403844562011926,0.000581809962220572
"hsa-mir-30c-1",1244.45148045634,-0.178522332860806,0.0922534499583851,0.051653311503222,0.0615495066977645
"hsa-mir-30c-2",1435.31449064751,-0.255058763726531,0.0913832483611416,0.00503204001750742,0.00670062769955296
"hsa-mir-30d",21352.6663434438,-0.196884235611765,0.0921975801607218,0.0303234327481137,0.0371368039215018
"hsa-mir-30e",40615.9347565754,-0.0933931785109959,0.0623908229206634,0.0347317588997233,0.0422749332669663
"hsa-mir-31",30.4448078259609,0.905753925810907,0.210231352737803,9.69787856857384e-06,1.61104823126145e-05
"hsa-mir-3117",1.45492213499172,1.97550425483017,0.302306970482607,1.30415837507828e-12,3.48230770308859e-12
"hsa-mir-3127",21.3947240889444,1.00803093861956,0.119716625037235,1.43767511933426e-17,4.92090141517097e-17
"hsa-mir-3129",1.7489842096177,-0.504440354979999,0.168236953135496,0.0024403625990276,0.00334565840189268
"hsa-mir-3130-1",7.34237579791432,0.177198142342342,0.164013451168165,0.273642180019844,0.299479639077512
"hsa-mir-3130-2",7.73901176342455,0.138956378837084,0.161068778294243,0.381129476652051,0.404950068942805
"hsa-mir-3136",1.57550568748963,0.906024914118749,0.194738588740595,3.09339464438884e-06,5.3298353670213e-06
"hsa-mir-3150b",8.18008787585132,2.11067121185462,0.235508330084222,3.24757098068635e-20,1.26432152683209e-19
"hsa-mir-3170",6.47326572863206,1.49523547893034,0.162998082295783,1.05186990935524e-20,4.22404451788327e-20
"hsa-mir-3173",1.48095109266844,0.0480531508034907,0.182299190085617,0.789410877840949,0.798808626386674
"hsa-mir-3199-2",3.86242296532511,-1.54740119850147,0.113568423996462,1.18208689838887e-42,1.25596732953817e-41
"hsa-mir-32",68.1047837166353,1.37121863135409,0.0906455564285244,9.04011145893153e-52,1.77325263232888e-50
"hsa-mir-3200",14.9187769571444,1.99652820309238,0.188695638808647,1.61657037432494e-26,8.00437758160895e-26
"hsa-mir-320a",1517.73237709767,-0.483327225002738,0.0827993312190841,4.62410155491279e-09,9.78544312450425e-09
"hsa-mir-320b-1",6.48734219538644,0.517377646211051,0.129091128047997,5.49740655482272e-05,8.5739368286226e-05
"hsa-mir-320b-2",9.88167584436304,0.680246318727518,0.12561585304611,5.07199673024833e-08,1.00260400481653e-07
"hsa-mir-320c-1",1.97708144778769,-0.644455362777516,0.156778643186652,3.21925203164733e-05,5.06734116092636e-05
"hsa-mir-320d-1",1.53357088550028,1.0443924049352,0.251630120459356,1.71894919005999e-05,2.78306059343046e-05
"hsa-mir-320d-2",1.51019274071393,0.528445985430168,0.22623737870846,0.0161681168291693,0.0202598024149296
"hsa-mir-323a",13.1712357593568,0.0798415049756451,0.15077400387663,7.92648167680442e-06,1.32541169021976e-05
"hsa-mir-323b",14.6242422283539,0.948604141342566,0.185100669895297,0.0046153880461417,0.00617807848696133
"hsa-mir-324",136.391254078328,0.737792947441141,0.0890566762666438,9.17663396447264e-17,2.98094479100704e-16
"hsa-mir-326",41.327006057036,-1.19430793402207,0.132558716018981,1.08351065764785e-19,4.12380921940599e-19
"hsa-mir-328",181.45640937491,-0.756612231866481,0.106032914038379,7.2750957162807e-13,1.9841170135311e-12
"hsa-mir-329-1",1.48616332520341,-0.454170430672563,0.215265927681874,8.22955522478047e-05,0.000126799793493596
"hsa-mir-329-2",1.59845042188248,-0.623523119397488,0.19924319551625,4.79006815177678e-07,8.91582028250423e-07
"hsa-mir-330",92.2001587155599,0.747612672359131,0.0937442804123448,1.06378039164016e-15,3.28804848325139e-15
"hsa-mir-331",92.0182529228237,1.06411040097548,0.0937105059523957,3.89643258521089e-30,2.20797846495284e-29
"hsa-mir-335",542.607933106899,-1.63400255902721,0.160911426127674,1.17188835239369e-24,5.28905362584764e-24
"hsa-mir-337",204.075382297868,-1.65831692771524,0.155868042702924,7.48802714112373e-27,3.85746852724556e-26
"hsa-mir-338",700.594447340279,-0.0856590258569874,0.117321542381568,0.460462902195395,0.484198103339488
"hsa-mir-339",151.196346861943,-0.0624958173458656,0.0895393746472943,0.48312731791216,0.504907647818036
"hsa-mir-33a",56.1848306945979,1.94104912922336,0.136811754653715,3.72933682959562e-46,5.00516258708886e-45
"hsa-mir-33b",17.1400834785811,2.63427571376619,0.169059117043757,1.31831550494084e-55,2.92322133704272e-54
"hsa-mir-340",68.2308313840546,1.0413682131561,0.077725262804835,3.47017162115371e-41,3.33922174865734e-40
"hsa-mir-342",976.741749272502,1.26911483763446,0.140682829849114,1.13202590363012e-19,4.27654230260266e-19
"hsa-mir-345",70.8277018623698,1.47476468200056,0.128575397644172,5.55804530963338e-31,3.29605012548026e-30
"hsa-mir-34a",351.287718028747,-0.00755377316727526,0.0801831370210677,0.917893877733746,0.923325202454064
"hsa-mir-34b",6.92972630593492,0.00566154487394734,0.16011782753422,0.972024916356517,0.975851786105952
"hsa-mir-34c",32.0625854689612,0.0285126113365623,0.143700010173842,0.84202359697772,0.850360464274529
"hsa-mir-3605",11.7291069888307,0.237206865423348,0.138990662896297,0.0841044542391401,0.0984819482019868
"hsa-mir-3607",243.314451405792,0.647328098718507,0.147718518940209,1.13463521947948e-05,1.8666579417243e-05
"hsa-mir-361",941.124505508473,-0.151211083273938,0.0589259948244205,0.0101607782356158,0.01302009271398
"hsa-mir-3610",2.75410303282612,2.58600705487995,0.232490454615402,3.27269146164224e-31,1.9869912445685e-30
"hsa-mir-3613",30.1004133655163,0.979499658194061,0.0897840248369031,6.5988180865143e-28,3.50562210846072e-27
"hsa-mir-3614",10.1970002935225,1.28066393563219,0.163044860127816,1.52297967222474e-15,4.67903393273866e-15
"hsa-mir-3615",8.44620041190256,0.773747029717959,0.172668535312177,6.29294961057239e-06,1.05572509914208e-05
"hsa-mir-362",31.1092085868455,0.153737793066431,0.105761853894298,0.143732039896948,0.165470294238022
"hsa-mir-363",48.4206263305322,0.275945245962128,0.176255053005374,0.688209166820127,0.703380110377284
"hsa-mir-3651",3.68059105745042,1.32982635793638,0.220309612578568,4.58525812823641e-10,1.0533701105408e-09
"hsa-mir-3652",1.91187591457772,1.66105719857098,0.208731885646129,3.04401594142853e-16,9.64253496974254e-16
"hsa-mir-3653",29.8318856208452,0.373522557000692,0.124855276631049,0.00251860387129447,0.00343259943063531
"hsa-mir-365a",422.859356276825,-1.55127429793666,0.118667974765967,1.87275650830229e-39,1.61882342243079e-38
"hsa-mir-365b",421.845709799382,-1.55822055334344,0.118378400445334,5.63128682977107e-40,5.12849336282723e-39
"hsa-mir-3664",3.02456760618403,3.33135100509636,0.306901281126756,2.64644629265225e-30,1.51650293174455e-29
"hsa-mir-3677",31.0815369051997,2.217472802806,0.155336887474768,5.25166667956294e-47,7.65242859022028e-46
"hsa-mir-3678",1.66102874431846,0.760604131566578,0.235155037093961,0.000662815163566819,0.000941603714259269
"hsa-mir-3682",3.11853129068038,1.23915402060743,0.187474199515522,1.3738276684496e-11,3.46857480648167e-11
"hsa-mir-369",34.7871591885593,-0.379489415915202,0.137943062166991,0.00557723102984225,0.00733089645675141
"hsa-mir-3690-1",1.57779460092857,1.36709025246518,0.239508082245474,3.41560680120802e-09,7.28853334148992e-09
"hsa-mir-370",41.0626765266148,-0.640381284158285,0.151618175827744,1.9875285895737e-05,3.19760120089145e-05
"hsa-mir-372",1.11892980659355,0.580203514502408,0.251124016487935,0.723179506366218,0.737643096493542
"hsa-mir-374a",2078.60130713301,0.207460656782791,0.0814373311783056,0.0106325063560148,0.013590421658064
"hsa-mir-374b",178.704223410272,-0.355261348703062,0.0682352904957667,1.80213917722186e-07,3.48140522872404e-07
"hsa-mir-374c",2.55485351769037,-0.104459320969746,0.352606370210138,0.750452209893155,0.762411607660377
"hsa-mir-375",31414.6390773389,1.86376752326426,0.226100468598755,6.8535995722043e-16,2.14437778026024e-15
"hsa-mir-376a-1",4.28835744959378,-0.0202930240667954,0.148759345701076,9.58845567434241e-07,1.74646871211237e-06
"hsa-mir-376a-2",1.82026632015658,0.266542675744987,0.179256080821402,2.34550126793522e-06,4.09659468029782e-06
"hsa-mir-376b",5.02470884070246,-0.199368463146685,0.158921550660521,0.000110557356646499,0.000168815125418307
"hsa-mir-376c",20.668103593877,-0.753902471928632,0.155697255934173,1.03727211748701e-06,1.88127153861247e-06
"hsa-mir-377",12.7467843539209,-1.16749583148267,0.138497448796957,2.42305057616854e-17,8.23837195897302e-17
"hsa-mir-378a",1619.50619205732,-1.96542421686709,0.114547726065951,4.37553315911846e-37,3.28164986933885e-36
"hsa-mir-378c",25.13368952713,-1.68873989364513,0.120589804503047,5.19073810306286e-45,6.45677178673672e-44
"hsa-mir-379",2991.80200265003,-1.09512489547768,0.136521495186976,5.62643078837922e-16,1.77128376671198e-15
"hsa-mir-380",2.2125899697291,0.238643342235908,0.202710841033166,0.561618905072376,0.580985074212803
"hsa-mir-381",119.625966792662,-1.19881545870664,0.131625296647586,4.73432627061258e-20,1.81541834437024e-19
"hsa-mir-382",82.5525557684272,-0.449415964142947,0.131014541253113,0.000545602829624491,0.000779432613749273
"hsa-mir-383",6.42464780808971,-1.10496151356692,0.333164414540425,3.0700452915857e-07,5.77757600999523e-07
"hsa-mir-3909",1.35407378361247,0.247608826307538,0.184187685850808,0.171257728286918,0.19495857461234
"hsa-mir-3912",1.76803707732531,0.327738741671621,0.158557766476124,0.0384021599304759,0.0463004765119213
"hsa-mir-3913-1",4.08729046302611,0.506954810890542,0.12539727866368,4.96415067228953e-05,7.76600258548361e-05
"hsa-mir-3913-2",4.15888390556363,0.507965423527321,0.12787023162612,5.63752866205977e-05,8.76566956600758e-05
"hsa-mir-3917",3.52954801946492,0.793100770203411,0.168331642402124,2.00820596551632e-06,3.54389288032292e-06
"hsa-mir-3922",1.66003829750115,1.21228236488291,0.194314547484705,3.19408415467695e-10,7.50683372758177e-10
"hsa-mir-3926-1",2.19577705108863,-0.91927016585654,0.170237533669766,5.3181993467386e-08,1.04721299877864e-07
"hsa-mir-3926-2",3.03418713847738,-0.839526706777036,0.140264103841074,1.91337917370934e-09,4.17018537859728e-09
"hsa-mir-3928",6.03287290418327,1.02366317304936,0.149366684036583,3.17200798215417e-12,8.3819900046561e-12
"hsa-mir-3934",4.74983628260522,1.09629640437207,0.152968089172559,4.40812454982849e-13,1.2152127137365e-12
"hsa-mir-3940",3.35104123729962,1.3968746838769,0.187141835708066,4.53576411182613e-14,1.29957286350074e-13
"hsa-mir-3941",1.32589868773679,0.561303622724952,0.22334772765659,0.00908505709137014,0.0116709801425662
"hsa-mir-409",116.59934214981,-0.430947483759369,0.117964577506757,0.000236708152210934,0.000344917593221647
"hsa-mir-410",31.3310272406068,-0.137345561516783,0.164071357220435,0.00139413815684801,0.00194265153003411
"hsa-mir-411",23.1957296252976,-0.712276457860349,0.13742299640866,6.76994685421904e-12,1.7526258353562e-11
"hsa-mir-412",17.5944093423366,-0.697949543145295,0.191775829974037,0.000215299411984191,0.000314620917226181
"hsa-mir-421",7.79443634389372,1.2423532635082,0.129280036138566,3.99707080609842e-22,1.657322041553e-21
"hsa-mir-423",443.708275426697,0.326619808766569,0.0772783092816655,2.23628075588456e-05,3.57524509561481e-05
"hsa-mir-424",457.148066430002,0.248185794016954,0.136333205381349,0.066404826335218,0.078576476637961
"hsa-mir-425",952.84231742869,0.677361524408254,0.12445665220946,4.11089571525595e-08,8.22179143051191e-08
"hsa-mir-429",279.119999508281,2.67215119236271,0.152241858892031,5.66107998035623e-70,1.69832399410687e-68
"hsa-mir-431",38.6781068222038,-0.21520572910856,0.143087665601377,1.61644337715437e-11,4.04110844288593e-11
"hsa-mir-432",29.0596350155513,-0.735932666377674,0.176910156767954,2.4961694320265e-05,3.96587666770566e-05
"hsa-mir-4326",16.2859164337084,1.68045524849708,0.208884412636364,1.53911811336588e-16,4.93679394853207e-16
"hsa-mir-433",5.36437181298436,-1.05257815036566,0.191509601787084,2.67938067171705e-08,5.40112309318457e-08
"hsa-mir-4444-2",1.69442427702491,1.24959239309541,0.204093843805908,4.23140137698273e-10,9.76477240842168e-10
"hsa-mir-4449",1.70255593116487,1.77766702427781,0.256476101782726,2.70494820056728e-07,5.18617888078689e-07
"hsa-mir-4461",1.9337558808854,0.304089331431056,0.220042228770485,0.150975575816477,0.173417891140547
"hsa-mir-4473",1.64812764493724,1.07137829215653,0.232793851926425,1.40194644535633e-06,2.49126371822901e-06
"hsa-mir-4491",1.63211311610753,-0.80889130201224,0.220288807470544,0.000161799261237902,0.000241279600091609
"hsa-mir-449a",5.26610805338787,4.56181353007857,0.476970443909279,1.55750305299369e-14,4.59148298859412e-14
"hsa-mir-449b",1.47022898337781,3.50762029062685,0.633058227616344,1.2723153037395e-06,2.28479156657445e-06
"hsa-mir-4501",2.00717593330487,3.55542528842495,0.461084876079635,2.48253154365995e-17,8.38470918719587e-17
"hsa-mir-450a-1",14.9239264257602,0.159502575346207,0.129963647376623,0.218002993622563,0.243819137604183
"hsa-mir-450a-2",14.564037358681,0.156995085173637,0.127067585601909,0.215355127166466,0.24138706561516
"hsa-mir-450b",50.7596106359911,0.361700586134483,0.130001318966363,0.0052180701794602,0.00692903705911613
"hsa-mir-451a",2622.55221541012,-3.51158364056966,0.193157710050422,1.37900254067627e-74,6.3935572340445e-73
"hsa-mir-452",334.260641354622,-1.11894976670364,0.180704513536182,3.32571711101594e-10,7.74482066948917e-10
"hsa-mir-4521",2.78341680520969,-0.394147858005758,0.177304546978833,0.0236816926954336,0.029314716686095
"hsa-mir-454",27.4519520126188,1.50893541135116,0.110043578900973,3.56817289764519e-43,3.95601777782401e-42
"hsa-mir-455",878.952757255787,1.68181519686617,0.131045539085929,5.14705598235088e-38,4.23386863064347e-37
"hsa-mir-4638",3.53882299995965,2.12551389214618,0.204252047701217,1.89587062599866e-25,8.87058733265427e-25
"hsa-mir-4660",1.34992809447092,0.582045880302119,0.213052265622061,0.00477575949201736,0.00637601398148914
"hsa-mir-4661",12.7411266828967,0.758893429776962,0.16142608272758,1.67826852076487e-06,2.97193383885447e-06
"hsa-mir-4662a",87.7441850128332,0.264540700127549,0.144340327759329,0.064067415076178,0.0759869341601181
"hsa-mir-4664",1.88862006473173,3.32463895309412,0.348028658489273,2.2662205764933e-27,1.19151803506349e-26
"hsa-mir-4668",9.15167271111916,1.28936848861362,0.14597031316397,3.93632626226561e-19,1.43394742411105e-18
"hsa-mir-4677",29.7260011682063,1.39183735189005,0.10415123128725,2.19276077434972e-41,2.19276077434972e-40
"hsa-mir-4709",2.48057147381324,-0.385721845813334,0.146949596529703,0.00767877876536021,0.00988933628872148
"hsa-mir-4714",1.37270369326468,1.19425978260832,0.310556921510863,6.88323965118302e-05,0.000106700675443871
"hsa-mir-4724",2.44630155066489,4.03123749964763,0.410689643575778,1.07966325039478e-26,5.50628257701336e-26
"hsa-mir-4728",6.25588064678257,1.29988411722704,0.184614676023072,0.00543571035734696,0.00716333923061227
"hsa-mir-4732",2.80514734248587,-4.05478641354957,0.290294502610797,7.18610124217323e-45,8.72598007978178e-44
"hsa-mir-4742",2.86150319461915,0.949394193461602,0.162455918305357,3.32292037204011e-09,7.12054365437166e-09
"hsa-mir-4746",8.18418355238353,1.70172985969475,0.164216111933197,7.82915436125207e-26,3.80273211832243e-25
"hsa-mir-4766",1.43652508344362,2.01726427317739,0.274972394555037,1.43315360655588e-14,4.24946708920639e-14
"hsa-mir-4772",14.1261499877524,0.424417271654285,0.147205758675572,0.00350711518762719,0.00473182207854462
"hsa-mir-4784",0.996814486648674,2.96544323836524,0.279213030223355,5.01423397937163e-08,9.95042540653514e-08
"hsa-mir-4786",1.95197645886272,0.855966026330246,0.200080014289125,1.10952721320656e-05,1.83720415173813e-05
"hsa-mir-4787",1.8366889382038,1.35482727074838,0.241809825412252,6.4891892247541e-09,1.35081081821412e-08
"hsa-mir-483",30.4694222646836,-0.670032756600074,0.191708994478168,9.74729612628105e-12,2.48556051220167e-11
"hsa-mir-484",250.314036753256,0.547267943193028,0.0925463514188948,2.86038127489257e-09,6.18133241608141e-09
"hsa-mir-485",15.5193211115789,-0.19107792574657,0.135951313175341,7.7336743768006e-09,1.59683155148514e-08
"hsa-mir-486-1",775.160653154054,-4.79175291246129,0.194951551209208,5.60872250428497e-134,1.43022423859267e-131
"hsa-mir-486-2",769.977787787974,-4.77788064697967,0.19605051302279,9.20771051039932e-132,1.56531078676788e-129
"hsa-mir-487a",5.23748607883362,-0.44170701421383,0.149037871528039,1.53867500809967e-08,3.11398513543982e-08
"hsa-mir-487b",18.3844042827996,-0.7324690666875,0.147233297318733,5.47118345482222e-07,1.01097955143454e-06
"hsa-mir-488",1.34165827048549,-1.01449590830011,0.279341389082877,0.000188842299261945,0.000278351365964138
"hsa-mir-489",1.35585591144888,-0.649264538316149,0.24466586262486,0.00695595313709201,0.0089811040504226
"hsa-mir-491",13.4582577541049,-0.712411950133433,0.0997178618969694,6.14947262380489e-13,1.68614571943037e-12
"hsa-mir-493",30.6433699657615,1.81315645043605,0.143856948360755,1.19542353329919e-20,4.76301564048896e-20
"hsa-mir-494",6.5872721016337,-0.943915666612219,0.158443612031125,1.76870416913446e-09,3.88809968214903e-09
"hsa-mir-495",31.1736111744312,-0.967641208464489,0.133391224568584,9.86134380155187e-23,4.22629020066509e-22
"hsa-mir-496",8.50295513621444,-0.308243744415521,0.170780192332937,0.0679682072298272,0.0800549323030297
"hsa-mir-497",108.970573998795,-1.32262434974653,0.0911669325567163,6.16204340217634e-48,9.52315798518161e-47
"hsa-mir-4999",2.18122381861403,0.297462749511582,0.183373800981461,0.102376858591014,0.118934391529424
"hsa-mir-499a",0.794155731378953,-2.61162826145805,0.205115537474574,0.734352354563343,0.747544313028553
"hsa-mir-5000",6.2396598408113,-0.131477636667701,0.115894296316098,0.251660984819316,0.277207564271816
"hsa-mir-5001",1.51932588800097,1.41208472562307,0.210567083666528,1.30975963699153e-11,3.32327072072477e-11
"hsa-mir-500a",665.871310068816,0.414253328994168,0.0840671771097872,7.83405307469073e-07,1.43718239859434e-06
"hsa-mir-500b",12.8821309720959,0.781488545252511,0.109575375667865,7.60343052253569e-13,2.06263274813468e-12
"hsa-mir-501",142.959035038887,0.482173484482614,0.094680711980675,2.99092122278228e-07,5.65473874274615e-07
"hsa-mir-5010",2.1806642272427,-0.683116124789157,0.144908162541401,2.2539436992927e-06,3.96383202289406e-06
"hsa-mir-502",23.1444220418317,0.40769958342748,0.0796717051214623,3.08761485973524e-07,5.78927786200358e-07
"hsa-mir-503",37.3713845870455,1.28782522770327,0.149123249331339,2.40457140063823e-18,8.34239057364284e-18
"hsa-mir-504",5.89285178840334,-0.095433075313477,0.173218252628441,0.575838680372993,0.593288337353993
"hsa-mir-505",172.24395158987,0.423365107134087,0.110086270277233,0.000127371756370124,0.00019218815310285
"hsa-mir-506",0.270150853922093,4.17747119600775,0.70918152780454,0.18945448941501,0.214239001334047
"hsa-mir-508",21.21313212071,2.83853997724652,0.193722075839174,0.0115604826919617,0.0147028582865348
"hsa-mir-509-1",4.23159515745056,2.18429075320831,0.174986776586601,0.0269551314267724,0.0332859976456511
"hsa-mir-509-2",4.19014048946062,2.21346515624248,0.169486979006715,0.0127403866876177,0.0161230700016998
"hsa-mir-509-3",4.38420473035108,2.43171434049261,0.171680949089903,0.0362030026170089,0.0439357286114055
"hsa-mir-511",44.0750682863823,-1.50070523595135,0.141669032126351,1.45353662468604e-26,7.33964038207805e-26
"hsa-mir-512-1",1.41553980498072,0.859023228212712,0.320527403993579,0.00523074366227394,0.00692903705911613
"hsa-mir-514a-1",2.77138327487967,3.16547252556479,0.269242409590238,0.000183805060447847,0.000273296154018665
"hsa-mir-514a-2",2.75606165485159,3.16858315042697,0.266177204368654,0.00018517657306455,0.000274535035648025
"hsa-mir-514a-3",2.61383823589147,3.21323928625759,0.266828296719534,0.000129185398711581,0.000194349714875829
"hsa-mir-516a-1",5.25917447554679,4.28732272291318,0.385820716749893,1.74492482052331e-15,5.32881232614903e-15
"hsa-mir-516a-2",5.13606897348891,4.20894431489204,0.397965156695526,2.6424118710355e-14,7.69924156914926e-14
"hsa-mir-517a",1.97701421587216,-0.184839152843199,0.285377034200389,0.502891641296643,0.523417830737322
"hsa-mir-517b",1.97701421587216,-0.184839152843199,0.285377034200389,0.502891641296643,0.523417830737322
"hsa-mir-5187",1.39762242337201,-0.376259336521257,0.173165917425565,0.0272041478144881,0.0335123560033549
"hsa-mir-518a-2",0.668472699385624,1.97783667488541,0.462837538225557,0.0165644460975057,0.0207055576218821
"hsa-mir-518b",1.46021733749151,0.273113093995913,0.303841903635452,0.997210175788024,0.997210175788024
"hsa-mir-518c",1.66832433288699,0.567051845895813,0.294792337371481,0.293752623385099,0.320115038304275
"hsa-mir-518e",1.27685626297353,1.94375786101268,0.412221720906889,0.00123586952192145,0.00173157542906577
"hsa-mir-518f",1.21154770965145,0.754653532572964,0.34006418113736,0.242070423331916,0.26780025140841
"hsa-mir-519a-1",15.4388482124992,5.01206884557525,0.340715884605421,1.67860934968533e-25,8.0008483022385e-25
"hsa-mir-519a-2",4.18219395480769,3.61328476938724,0.352625322092336,3.34169484514064e-14,9.62861226565947e-14
"hsa-mir-520a",2.49989259998785,0.333491531710932,0.272255224199325,0.789205594505467,0.798808626386674
"hsa-mir-520b",1.4687223675478,2.00373354677791,0.320310350698951,0.000502732795214166,0.000720207094267484
"hsa-mir-522",4.18097344499896,5.20178369386916,0.500296398380184,9.06895480426325e-19,3.23438248263934e-18
"hsa-mir-526b",4.96664531616947,0.605827167928443,0.231418914998749,0.983180722493415,0.985112315268451
"hsa-mir-527",0.85425410442472,2.76702574173072,0.491659253784122,0.000556507852570982,0.000792790516232404
"hsa-mir-532",2055.04238577965,0.340330646464458,0.0765217903406647,8.9357948584169e-06,1.48929914306948e-05
"hsa-mir-539",37.165036824439,-0.820817340614726,0.135322712266437,9.34380076772273e-10,2.09926801389365e-09
"hsa-mir-541",2.18329520148249,-0.675206466195934,0.22437426630923,0.00206499156307618,0.00283866764735539
"hsa-mir-542",703.210631216005,0.122205905703554,0.129096496135987,0.343756554283664,0.369085984599302
"hsa-mir-543",4.33019580094783,-0.134066177738121,0.152367556847979,1.62042415556274e-05,2.63189910616878e-05
"hsa-mir-545",1.98729951464311,1.31803421659887,0.202963156079046,3.55769779275406e-11,8.72320131877197e-11
"hsa-mir-548b",4.38813022976006,0.56514571953451,0.194884121366873,0.00307807091068356,0.00417504299055483
"hsa-mir-548s",1.41825736125762,0.717227236386174,0.240974816676744,0.00189437919846691,0.0026203899399465
"hsa-mir-548v",3.62066467424771,0.534970724078964,0.167949295368125,0.00107317205551836,0.00151611564630017
"hsa-mir-550a-1",7.88616455184964,0.248581931803959,0.145437840225404,0.0861905772661246,0.100588545550855
"hsa-mir-550a-2",7.7962221898043,0.177491138026404,0.14310456219021,0.213634391309408,0.239985769973124
"hsa-mir-550a-3",4.53069261229596,-0.203787339247066,0.151665888466326,0.177217917554877,0.200846973228861
"hsa-mir-551a",1.83441900739667,1.85450210443266,0.31250626340628,1.63390878613778e-07,3.18050946919949e-07
"hsa-mir-551b",9.83690069251876,-1.95137789568704,0.178152609359674,2.19288951500884e-28,1.20255231468227e-27
"hsa-mir-556",2.16675094141382,1.59984211247412,0.262020928096354,2.96321507541296e-10,6.9964800391695e-10
"hsa-mir-5586",9.30790102313006,1.13667383425262,0.134522434483363,1.41511277281812e-17,4.87640212254893e-17
"hsa-mir-5683",65.8216007010472,-2.66271379214017,0.200585260491741,7.63342770694057e-41,7.20934838988831e-40
"hsa-mir-5684",1.53909606014979,1.28462256903985,0.217581056808162,1.43189302392068e-09,3.17506713999803e-09
"hsa-mir-5694",1.69793019703502,1.41117505918588,0.405639746703916,0.000158538620325427,0.000237110546527765
"hsa-mir-5698",3.489584522718,-0.239847637585697,0.208679415693075,0.0433050001851197,0.0520885615434222
"hsa-mir-5699",2.11354972609438,1.2582113189799,0.184749154259339,5.14678264659704e-12,1.34608161526384e-11
"hsa-mir-570",1.55493197958129,0.977684979197243,0.242437422143968,3.95144667670806e-05,6.20073170806496e-05
"hsa-mir-574",359.319249479338,-0.462771643816201,0.0869533649952579,8.65617171186371e-08,1.69143585174348e-07
"hsa-mir-576",43.360074128765,0.562768838537379,0.110698108160266,2.99368521674796e-07,5.65473874274615e-07
"hsa-mir-577",61.7392319244735,2.78793798104344,0.306249256437369,1.04041027929889e-20,4.21118446382883e-20
"hsa-mir-579",1.92780489722639,1.36609422524329,0.213001330503327,7.85990080459565e-11,1.89082519355839e-10
"hsa-mir-581",1.46444798912028,0.335876430014265,0.172062651665377,0.0475141279669853,0.0568831109463909
"hsa-mir-582",514.530504538992,0.758304263080915,0.131874280541119,6.25815917812846e-09,1.31289015173677e-08
"hsa-mir-584",271.993253106812,-0.495868585254949,0.163272922205302,0.00205827220055451,0.00283707789806162
"hsa-mir-585",2.84578291456112,-1.87244494192257,0.167755164099663,8.79820779710651e-30,4.93086371046628e-29
"hsa-mir-589",173.035884606858,0.455377973649982,0.0837259332313589,4.65457656018692e-08,9.27278924099738e-08
"hsa-mir-590",57.038644855791,1.5051944360353,0.105212452903488,9.40072526320711e-47,1.29577564438801e-45
"hsa-mir-592",8.84091993580556,4.57452516825267,0.270146564062746,2.62859472520251e-70,8.378645686583e-69
"hsa-mir-598",43.2499517532974,0.338569645276549,0.124264769402526,0.00611204597923714,0.00797223388596149
"hsa-mir-605",1.80815618764913,-1.19131554256103,0.187798772048208,1.2988773670316e-10,3.09545540741176e-10
"hsa-mir-607",1.11948621219907,-1.9893425442701,0.241357131202118,6.42729348470981e-17,2.11478688851742e-16
"hsa-mir-615",26.2974720917517,1.14069025314537,0.14618037970209,2.71528633379302e-15,8.24283351330024e-15
"hsa-mir-616",10.8283820888302,0.627233752302518,0.131436324308551,1.38580758406523e-06,2.47119534221423e-06
"hsa-mir-618",1.60859030122783,0.480700276805067,0.285498937851918,0.073529948495778,0.0864061606747622
"hsa-mir-624",3.03533636637668,-0.24906660444682,0.144086849378361,0.0841924106197377,0.0984819482019868
"hsa-mir-625",674.637043865682,0.139244111095814,0.110321682941295,0.206832415139612,0.232857685918769
"hsa-mir-627",3.82957601339252,-0.159949722198101,0.126917333494429,0.201542769439715,0.227404452243926
"hsa-mir-628",101.877547347678,0.734811394480031,0.144239566967956,2.73358818569047e-07,5.22146057940877e-07
"hsa-mir-629",343.914215162832,0.585681243128411,0.0852010391163404,5.01219544102253e-12,1.31763900769149e-11
"hsa-mir-642a",12.7135824165307,-0.0971162242498833,0.172353769737791,0.567318144495718,0.585692821240519
"hsa-mir-643",1.75375248015778,0.956352168213245,0.187934345599375,3.46510761059405e-07,6.47327795385702e-07
"hsa-mir-6499",1.95425808357824,-0.265933507315574,0.27967436247064,0.320634878340874,0.346448703292046
"hsa-mir-6507",1.49520107417661,-2.55720461179227,0.253316558034217,3.69877855337154e-24,1.64032788019086e-23
"hsa-mir-6509",2.01389457705403,0.593778788706803,0.203482267929223,0.00309304164948396,0.00418422079903665
"hsa-mir-651",6.76037561390444,1.01480272502109,0.137100064843906,7.44613229454784e-14,2.09808147525933e-13
"hsa-mir-6510",43.1993387690973,-0.565436697755858,0.250912967993889,0.0200433738057711,0.0249320015632762
"hsa-mir-6511b-1",5.39222462439746,-0.694036722542818,0.125776411569626,2.78197034603096e-08,5.58584597037712e-08
"hsa-mir-6511b-2",5.53779658235509,-0.674729750986457,0.12711149771358,8.1337114132101e-08,1.5954587772066e-07
"hsa-mir-6514",1.3012469328628,-0.553712725994715,0.171776126125673,0.0011664088317671,0.00163875620992071
"hsa-mir-652",102.565562528678,0.08443925846848,0.117457513618394,0.469946660513492,0.493032457285791
"hsa-mir-653",49.4755992179635,-0.169391901810502,0.141909729042328,0.225876619140792,0.250974021267546
"hsa-mir-654",81.8018957406056,-0.72562730281466,0.140870581799855,8.9918857433704e-14,2.51970424676863e-13
"hsa-mir-655",8.88735985063377,-0.848141916508126,0.145548922695727,4.61665085877049e-09,9.78544312450425e-09
"hsa-mir-656",2.64202115752916,-0.947757164455041,0.166940932272207,1.05309493868551e-08,2.16563878520004e-08
"hsa-mir-659",4.22095058808092,0.920036873305046,0.128696511820377,1.07713150034571e-12,2.89124771145427e-12
"hsa-mir-660",89.2509524479807,0.589835672307139,0.0899331809856066,5.61561082859895e-11,1.36379120123117e-10
"hsa-mir-664a",120.349391924312,-0.265734452924524,0.097867213022071,0.00631819107629987,0.00819917925932044
"hsa-mir-664b",14.1716894541985,-0.410095020603111,0.0962900158522092,1.77760069134859e-05,2.86891250818918e-05
"hsa-mir-665",2.23327008751037,-1.61891522519651,0.182991776236891,4.99114473349076e-19,1.80530766956049e-18
"hsa-mir-671",22.6088779101555,1.15803520071948,0.0902003124252084,3.46665761263309e-38,2.89835308597193e-37
"hsa-mir-6715a",2.37337224939654,-1.78888561233487,0.311566467193891,2.73596015573038e-09,5.93761565711699e-09
"hsa-mir-6716",3.13769024817032,-1.4388981143733,0.137954150535253,6.81955355038186e-26,3.3442041448988e-25
"hsa-mir-6718",1.67966276975091,0.708054975860944,0.18400682614079,0.585130145138194,0.60043536020217
"hsa-mir-6720",2.85678759623304,0.877507548383594,0.25025150687015,0.0180164715086715,0.0224655268201038
"hsa-mir-675",170.696742344443,-1.07439709619911,0.149901348780696,4.22672355142159e-13,1.17153750610055e-12
"hsa-mir-6755",1.71475947671567,0.342334096952954,0.165315459681457,0.0363546617137512,0.0439357286114055
"hsa-mir-676",3.41460698302558,-1.02976946059672,0.12952697139674,1.04583346805474e-15,3.25228700431658e-15
"hsa-mir-6761",3.84258332886248,-0.664460167405842,0.185308861319053,0.000249185750977072,0.000362064766376942
"hsa-mir-6802",1.66122525913084,-0.619051292301821,0.162952106595434,0.000115874014851087,0.000176405216638968
"hsa-mir-6806",2.79969427354261,-0.14856508997156,0.134236577223653,0.265180097300259,0.29146950349813
"hsa-mir-6820",1.91628724907174,-0.466935244138348,0.16706346010419,0.00447985936966562,0.00601244283823543
"hsa-mir-6837",4.09530088566231,-0.374906402571496,0.131233808143141,0.00366885231019466,0.00493697804274216
"hsa-mir-6842",4.69833641293556,0.780692095688265,0.174035580214204,5.25402802929008e-06,8.93184764979314e-06
"hsa-mir-6854",1.96347907188197,1.23064530368207,0.203478342696455,3.53479709234752e-10,8.19430235044198e-10
"hsa-mir-6892",11.1104851305603,-1.36197378026112,0.118456462348444,4.6044383337538e-31,2.76266300025228e-30
"hsa-mir-7-1",85.8790941903341,1.14891833708187,0.111868588298191,4.21131830661107e-25,1.93493003276725e-24
"hsa-mir-7-2",2.2217037970006,0.668777848485022,0.213967975802925,0.00139880767595108,0.00194384717911458
"hsa-mir-7-3",1.78658788534048,2.87655894834781,0.328622011829711,3.22292898305112e-21,1.3255595010936e-20
"hsa-mir-708",331.010366676978,0.646939652535946,0.096534773730347,1.61219446319628e-11,4.04110844288593e-11
"hsa-mir-7156",3.12208223786212,3.28493849153642,0.345383232723449,1.60618474035529e-25,7.72786997718109e-25
"hsa-mir-744",133.38578634124,0.579812957715304,0.0957212301512879,1.14689011614128e-09,2.55420942896093e-09
"hsa-mir-758",73.5601433504462,-0.76613123057925,0.147957509905588,1.70698650219133e-07,3.31012591679688e-07
"hsa-mir-760",8.10646094150874,2.38687382936397,0.198329717686827,2.45395927345599e-34,1.62534964865267e-33
"hsa-mir-766",26.3618816111738,1.0034637578629,0.111266276251666,1.37793697194439e-19,5.16726364479148e-19
"hsa-mir-767",23.3637202740354,7.0273504344124,0.520396228980321,2.37539663688788e-36,1.73064612116117e-35
"hsa-mir-769",77.9834756942482,0.802572684100342,0.0697870740088464,7.83616449609224e-31,4.59361367012303e-30
"hsa-mir-7702",5.44666801438691,-0.0267229068469508,0.228685392700245,0.903615315144171,0.910758519216456
"hsa-mir-7705",2.11499369337919,2.99951180272975,0.271671146219746,2.49107980637876e-33,1.60816544462426e-32
"hsa-mir-7706",5.81351819734668,1.8073297983395,0.165243894717338,6.6478493942492e-29,3.68522085985553e-28
"hsa-mir-874",94.6617236236725,-0.304793920255228,0.0938801765659754,0.00111525412217133,0.00157121437101485
"hsa-mir-877",6.18423404649282,2.21681289367442,0.181464577628421,7.15356629903878e-35,4.86442508334637e-34
"hsa-mir-885",5.55322204356623,1.65596635593112,0.286174515809522,1.20632662831693e-10,2.88838770160392e-10
"hsa-mir-887",21.3184253353815,0.467746088503767,0.156749122929874,0.00251627714562153,0.00343259943063531
"hsa-mir-889",41.269540026392,-0.410248422656365,0.148448277855375,0.00527720335371056,0.00697247075231187
"hsa-mir-891a",8.74860274600687,-0.54388563705808,0.198503728857495,1.2369374262758e-14,3.68911162222607e-14
"hsa-mir-9-1",3981.60974854169,2.73278291222358,0.23366285425258,1.57473502860156e-32,1.0038935807335e-31
"hsa-mir-9-2",3980.06638059777,2.73139601434131,0.233668290922688,1.69323898453093e-32,1.06611343470466e-31
"hsa-mir-9-3",3988.93004099862,2.72590996155378,0.234045560327185,2.80744715751667e-32,1.74609518333354e-31
"hsa-mir-92a-1",15955.1607941929,0.130508628311516,0.108696722498566,0.272128341377089,0.298463342155517
"hsa-mir-92a-2",14506.1157631373,0.104326979517407,0.108744951765618,0.358090622966559,0.383668524607028
"hsa-mir-92b",310.903934938893,1.50427483183964,0.118655742534415,2.15838846386819e-37,1.64295241279519e-36
"hsa-mir-93",13616.4917126078,1.26282315298745,0.0978580328398523,2.40605182514733e-38,2.04514405137523e-37
"hsa-mir-934",44.5225061199256,2.74537099743041,0.338251815292966,3.58743584102794e-17,1.19581194700931e-16
"hsa-mir-935",6.74762301882585,-0.097813923946214,0.209331608613419,0.10622140520499,0.123120265123966
"hsa-mir-937",13.6182080132936,3.2191473916417,0.227270579203932,3.01733414442006e-47,4.52600121663009e-46
"hsa-mir-939",3.43822370515522,1.23485674313669,0.159148994620077,3.64474000286639e-15,1.09989195352773e-14
"hsa-mir-940",13.5910477973061,2.25652812912097,0.166508532136057,2.30999255293964e-42,2.40427796326371e-41
"hsa-mir-942",19.5452675301715,0.360471737511679,0.143184174231089,0.01163894874799,0.0147658305011814
"hsa-mir-944",8.08621589127253,-1.04897369536029,0.235347570168691,0.044839715252171,0.0538076583026052
"hsa-mir-95",9.1431024819211,-0.423004724355119,0.129704401717341,0.425935102453597,0.448815913742427
"hsa-mir-96",69.1540592345249,2.93556063071047,0.130413488720918,9.83592599103504e-114,1.25408056385697e-111
"hsa-mir-98",163.176776562615,0.881352911873825,0.0719400304021754,1.59738627799606e-34,1.07193026549736e-33
"hsa-mir-99a",4026.45302307623,-2.12024478053955,0.116621089439562,2.03757042612713e-74,8.65967431104028e-73
"hsa-mir-99b",110562.020418795,0.611992024954095,0.0909866782701142,1.24873164434169e-08,2.5576431269649e-08
